category,min,max
calories,0.0,8.280033165416762
mass,0.6931471805599453,8.023552392404348
fat,0.0,4.676029333564614
carb,0.0,6.740009305200706
protein,0.0,5.0005298792848585
