max_calorie,max_mass,max_fat,max_carb,max_protein
3943.325195,3051.0,106.343002,844.568604,147.491821
