model_parameters,regression_loss,classification_accuracy,precision,recall,f1_score,avg_mae,calories_mae,mass_mae,fat_mae,carbs_mae,protein_mae,overall_improvement
NutriFusionNet_bert,0.03333333333333335,0.7606666666666668,0.15966666666666665,0.9166666666666666,0.26300000000000007,27.316866666666666,74.60933333333335,45.38933333333333,4.175333333333333,6.077333333333332,6.333,57.97066666666667
